H845790,다낭/호이안 4~6일 #가성비 #시내4성 OR 비치5성호텔 #바나힐 테마파크 #전신마사지,하나투어,50,259000
H546213,튀르키예(터키) 일주 8~10일 #베스트셀러 #이스탄불 시내호텔1박 #루프탑레스토랑 #동굴호텔,하나투어,25,2799000
M134905,[BASIC Tokyo] 도쿄/하코네 4일(전일관광/트윈룸/도쿄도청전망대),모두투어,15,1099900
M265881,■ 출발확정 ■ ★노쇼핑/노옵션★ 북유럽 4국 9일 《★플롬열차포함/★럭셔리크루즈2박/★베르겐》,모두투어,10,4399000
K468001,오사카 주유패스,KLOOK,100,18400
K892340,올랜도 유니버셜 스튜디오 티켓,KLOOK,150,198000
H307821,괌 4~6일 #두짓타니리조트 #투몬시내중심 #오션뷰 #미니바,하나투어,40,1199000
H903447,시드니/골드코스트 7일 #황금빛해변 #오페라하우스 #헬기투어,하나투어,30,2539000
M734002,★출발확정★[핫한맛집/방콕파타야5일] 월드체인5성 그랜드머큐어1박+만다린이스트빌2박+요트크루즈+특식4회,모두투어,35,839900
M599328,[프씨프-국내선편도포함] 프놈펜/씨엠립 5일 [쇼핑3회/마사지/야간시티투어],모두투어,60,1038500
K489320,쿠알라룸푸르 아쿠아리아 KLCC 입장권,KLOOK,300,12400
K147406,대만 4G 포켓 WiFi (대만 공항 수령),KLOOK,500,4600
L503782,"[품격] [비즈니스/클래스] ""햇살 가득한 프로방스의 향기"" 남프랑스일주 8일[마르세유2박/니스2박(5성급호텔업그레이드)]",롯데관광,20,8790000
L388560,『사막의 원더랜드』두바이/아부다비 KE 6일 #자유일정 #사막사파리투어,롯데관광,5,2790000
D947857,[15% OFF] 세부 오슬롭 고래상어+투말록 폭포+모알보알 페스카르도 섬 | 단독투어,KKDAY,100,52206
D023481,"큐브나인 스파 막탄 마사지 스파 체험 + 호텔 이동 | 세부, 필리핀",KKDAY,45,35746
E485037,THE BLOSSOM KUMAMOTO,익스피디아,5,137754
A385672,호텔 & 빌둥스하우스 장크트 요데른 (Hotel & Bildungshaus St. Jodern),아고다,8,265494